Image Index,Finding Labels
00010165_001.png,Cardiomegaly
00003395_005.png,Cardiomegaly
00002038_001.png,Cardiomegaly
00018837_000.png,Cardiomegaly
00015770_011.png,Cardiomegaly
00018204_000.png,Cardiomegaly
00005064_013.png,Cardiomegaly
00008806_014.png,Cardiomegaly
00030572_000.png,Cardiomegaly
00015361_000.png,Cardiomegaly
00022793_000.png,Cardiomegaly
00013682_000.png,Cardiomegaly
00020684_000.png,Cardiomegaly
00012799_001.png,Cardiomegaly
00012006_000.png,Cardiomegaly
00023093_009.png,Cardiomegaly
00007961_001.png,Cardiomegaly
00010994_011.png,Cardiomegaly
00018614_004.png,Cardiomegaly
00018187_029.png,Cardiomegaly
00000498_003.png,Cardiomegaly
00004381_043.png,Cardiomegaly
00003817_000.png,Cardiomegaly
00001249_010.png,Cardiomegaly
00004344_040.png,Cardiomegaly
00015410_000.png,Cardiomegaly
00005641_005.png,Cardiomegaly
00007094_000.png,Cardiomegaly
00002262_003.png,Cardiomegaly
00001868_000.png,Cardiomegaly
00006411_017.png,Cardiomegaly
00029572_002.png,Cardiomegaly
00017511_011.png,Cardiomegaly
00000688_001.png,Cardiomegaly
00004725_000.png,Cardiomegaly
00030708_000.png,Cardiomegaly
00016220_004.png,Cardiomegaly
00029510_000.png,Cardiomegaly
00005066_036.png,Cardiomegaly
00029794_000.png,Cardiomegaly
00000823_005.png,Cardiomegaly
00028873_005.png,Cardiomegaly
00015256_000.png,Cardiomegaly
00019702_001.png,Cardiomegaly
00026225_000.png,Cardiomegaly
00004003_000.png,Cardiomegaly
00014897_003.png,Cardiomegaly
00011827_011.png,Cardiomegaly
00008871_001.png,Cardiomegaly
00002435_005.png,Cardiomegaly
00025628_014.png,Effusion
00014675_018.png,Effusion
00021648_009.png,Effusion
00000231_002.png,Effusion
00018080_007.png,Effusion
00017606_018.png,Effusion
00014675_000.png,Effusion
00029433_003.png,Effusion
00002395_030.png,Effusion
00009995_002.png,Effusion
00010863_005.png,Effusion
00013894_048.png,Effusion
00025761_011.png,Effusion
00004858_027.png,Effusion
00009934_001.png,Effusion
00006836_007.png,Effusion
00006517_006.png,Effusion
00002791_001.png,Effusion
00016772_021.png,Effusion
00013300_002.png,Effusion
00015956_038.png,Effusion
00014153_000.png,Effusion
00007967_001.png,Effusion
00001737_002.png,Effusion
00004418_010.png,Effusion
00018521_011.png,Effusion
00025290_029.png,Effusion
00022245_002.png,Effusion
00016191_015.png,Effusion
00017606_022.png,Effusion
00016422_008.png,Effusion
00000076_000.png,Effusion
00002763_020.png,Effusion
00029088_003.png,Effusion
00003523_024.png,Effusion
00008352_004.png,Effusion
00011136_014.png,Effusion
00022416_008.png,Effusion
00025285_005.png,Effusion
00022416_060.png,Effusion
00021651_010.png,Effusion
00002152_001.png,Effusion
00013993_053.png,Effusion
00011478_005.png,Effusion
00005723_004.png,Effusion
00022416_034.png,Effusion
00019865_012.png,Effusion
00015679_017.png,Effusion
00028611_023.png,Effusion
00000061_007.png,Effusion
00014647_009.png,Pneumonia
00012094_009.png,Pneumonia
00016705_002.png,Pneumonia
00000798_025.png,Pneumonia
00010384_035.png,Pneumonia
00011386_000.png,Pneumonia
00021399_000.png,Pneumonia
00013993_046.png,Pneumonia
00018926_001.png,Pneumonia
00028173_010.png,Pneumonia
00016425_000.png,Pneumonia
00008727_009.png,Pneumonia
00025421_001.png,Pneumonia
00007787_001.png,Pneumonia
00015809_015.png,Pneumonia
00022192_038.png,Pneumonia
00011702_043.png,Pneumonia
00006997_000.png,Pneumonia
00001749_003.png,Pneumonia
00000261_002.png,Pneumonia
00016972_005.png,Pneumonia
00004893_027.png,Pneumonia
00003510_009.png,Pneumonia
00027508_001.png,Pneumonia
00026883_001.png,Pneumonia
00010761_002.png,Pneumonia
00005032_000.png,Pneumonia
00006985_002.png,Pneumonia
00016362_000.png,Pneumonia
00021369_002.png,Pneumonia
00010531_012.png,Pneumonia
00017138_068.png,Pneumonia
00005638_000.png,Pneumonia
00017231_001.png,Pneumonia
00020945_020.png,Pneumonia
00014647_005.png,Pneumonia
00026374_004.png,Pneumonia
00002109_000.png,Pneumonia
00013272_005.png,Pneumonia
00014294_011.png,Pneumonia
00027320_010.png,Pneumonia
00003211_000.png,Pneumonia
00027648_005.png,Pneumonia
00028924_005.png,Pneumonia
00003510_008.png,Pneumonia
00027266_001.png,Pneumonia
00007699_003.png,Pneumonia
00009229_003.png,Pneumonia
00001247_011.png,Pneumonia
00006832_001.png,Pneumonia
00005365_013.png,Pneumothorax
00015492_002.png,Pneumothorax
00004103_000.png,Pneumothorax
00026886_001.png,Pneumothorax
00003760_000.png,Pneumothorax
00011460_014.png,Pneumothorax
00013209_000.png,Pneumothorax
00021707_002.png,Pneumothorax
00008566_018.png,Pneumothorax
00003330_002.png,Pneumothorax
00030561_010.png,Pneumothorax
00020427_010.png,Pneumothorax
00025081_015.png,Pneumothorax
00018921_065.png,Pneumothorax
00003005_017.png,Pneumothorax
00018366_049.png,Pneumothorax
00016587_006.png,Pneumothorax
00005224_000.png,Pneumothorax
00025368_031.png,Pneumothorax
00003856_001.png,Pneumothorax
00019823_001.png,Pneumothorax
00027092_005.png,Pneumothorax
00021006_020.png,Pneumothorax
00012087_026.png,Pneumothorax
00003126_013.png,Pneumothorax
00021092_006.png,Pneumothorax
00019594_013.png,Pneumothorax
00008168_010.png,Pneumothorax
00010936_018.png,Pneumothorax
00000404_002.png,Pneumothorax
00024749_000.png,Pneumothorax
00006605_010.png,Pneumothorax
00006506_002.png,Pneumothorax
00025085_008.png,Pneumothorax
00020427_012.png,Pneumothorax
00028421_004.png,Pneumothorax
00005365_008.png,Pneumothorax
00010690_001.png,Pneumothorax
00026810_015.png,Pneumothorax
00029075_004.png,Pneumothorax
00020286_004.png,Pneumothorax
00007676_016.png,Pneumothorax
00027592_001.png,Pneumothorax
00002174_000.png,Pneumothorax
00018472_004.png,Pneumothorax
00019823_004.png,Pneumothorax
00021759_015.png,Pneumothorax
00030279_004.png,Pneumothorax
00019823_002.png,Pneumothorax
00001583_012.png,Pneumothorax
00009710_004.png,Atelectasis
00021701_001.png,Atelectasis
00017017_002.png,Atelectasis
00029433_006.png,Atelectasis
00028479_002.png,Atelectasis
00002260_000.png,Atelectasis
00030695_003.png,Atelectasis
00016558_000.png,Atelectasis
00030637_019.png,Atelectasis
00015018_012.png,Atelectasis
00007528_001.png,Atelectasis
00023079_000.png,Atelectasis
00005452_000.png,Atelectasis
00015843_013.png,Atelectasis
00015267_000.png,Atelectasis
00001270_005.png,Atelectasis
00022283_038.png,Atelectasis
00015229_000.png,Atelectasis
00020200_001.png,Atelectasis
00001088_011.png,Atelectasis
00001601_007.png,Atelectasis
00014058_007.png,Atelectasis
00007886_018.png,Atelectasis
00017236_059.png,Atelectasis
00011793_003.png,Atelectasis
00026486_003.png,Atelectasis
00020636_000.png,Atelectasis
00015318_006.png,Atelectasis
00007576_038.png,Atelectasis
00016333_002.png,Atelectasis
00001698_009.png,Atelectasis
00003923_000.png,Atelectasis
00011067_002.png,Atelectasis
00029768_001.png,Atelectasis
00026897_002.png,Atelectasis
00020286_032.png,Atelectasis
00008238_000.png,Atelectasis
00021689_001.png,Atelectasis
00003459_026.png,Atelectasis
00020772_006.png,Atelectasis
00020213_116.png,Atelectasis
00001796_009.png,Atelectasis
00006642_042.png,Atelectasis
00026641_010.png,Atelectasis
00026960_003.png,Atelectasis
00001989_000.png,Atelectasis
00026197_002.png,Atelectasis
00009729_000.png,Atelectasis
00012753_000.png,Atelectasis
00026451_035.png,Atelectasis
