Image Index,Finding Labels,True Label Probability
00010165_001.png,Cardiomegaly,0.3002885580062866
00003395_005.png,Cardiomegaly,0.3655599057674408
00002038_001.png,Cardiomegaly,0.937593400478363
00018837_000.png,Cardiomegaly,0.03603991121053696
00015770_011.png,Cardiomegaly,0.9586400389671326
00018204_000.png,Cardiomegaly,0.7829623818397522
00005064_013.png,Cardiomegaly,0.24117760360240936
00008806_014.png,Cardiomegaly,0.36161646246910095
00030572_000.png,Cardiomegaly,0.742652416229248
00015361_000.png,Cardiomegaly,0.2466132640838623
00022793_000.png,Cardiomegaly,0.2510610520839691
00013682_000.png,Cardiomegaly,0.03175869956612587
00020684_000.png,Cardiomegaly,0.7482409477233887
00012799_001.png,Cardiomegaly,0.13442213833332062
00012006_000.png,Cardiomegaly,0.059543073177337646
00023093_009.png,Cardiomegaly,0.12885668873786926
00007961_001.png,Cardiomegaly,0.09015977382659912
00010994_011.png,Cardiomegaly,0.9148333072662354
00018614_004.png,Cardiomegaly,0.28755635023117065
00018187_029.png,Cardiomegaly,0.9544858336448669
00000498_003.png,Cardiomegaly,0.5653495788574219
00004381_043.png,Cardiomegaly,0.5723140239715576
00003817_000.png,Cardiomegaly,0.2687738537788391
00001249_010.png,Cardiomegaly,0.8923007845878601
00004344_040.png,Cardiomegaly,0.9803580641746521
00015410_000.png,Cardiomegaly,0.750084400177002
00005641_005.png,Cardiomegaly,0.6961562633514404
00007094_000.png,Cardiomegaly,0.0295385904610157
00002262_003.png,Cardiomegaly,0.5605120062828064
00001868_000.png,Cardiomegaly,0.15811669826507568
00006411_017.png,Cardiomegaly,0.5834450721740723
00029572_002.png,Cardiomegaly,0.5668784379959106
00017511_011.png,Cardiomegaly,0.052748940885066986
00000688_001.png,Cardiomegaly,0.0211463812738657
00004725_000.png,Cardiomegaly,0.4693455398082733
00030708_000.png,Cardiomegaly,0.8140785098075867
00016220_004.png,Cardiomegaly,0.07514902949333191
00029510_000.png,Cardiomegaly,0.5754773020744324
00005066_036.png,Cardiomegaly,0.7029768228530884
00029794_000.png,Cardiomegaly,0.8108271360397339
00000823_005.png,Cardiomegaly,0.053391024470329285
00028873_005.png,Cardiomegaly,0.5135605335235596
00015256_000.png,Cardiomegaly,0.7262812256813049
00019702_001.png,Cardiomegaly,0.4716864824295044
00026225_000.png,Cardiomegaly,0.02322491630911827
00004003_000.png,Cardiomegaly,0.4254973530769348
00014897_003.png,Cardiomegaly,0.861257016658783
00011827_011.png,Cardiomegaly,0.07816240191459656
00008871_001.png,Cardiomegaly,0.6841399669647217
00002435_005.png,Cardiomegaly,0.8452122211456299
00025628_014.png,Effusion,0.8616358041763306
00014675_018.png,Effusion,0.8430159687995911
00021648_009.png,Effusion,0.5222882032394409
00000231_002.png,Effusion,0.6449493169784546
00018080_007.png,Effusion,0.9917977452278137
00017606_018.png,Effusion,0.9570410847663879
00014675_000.png,Effusion,0.8923728466033936
00029433_003.png,Effusion,0.7954887747764587
00002395_030.png,Effusion,0.8611499071121216
00009995_002.png,Effusion,0.11442392319440842
00010863_005.png,Effusion,0.5050788521766663
00013894_048.png,Effusion,0.8741725087165833
00025761_011.png,Effusion,0.8823965787887573
00004858_027.png,Effusion,0.9558355212211609
00009934_001.png,Effusion,0.9096949696540833
00006836_007.png,Effusion,0.9660584926605225
00006517_006.png,Effusion,0.936029314994812
00002791_001.png,Effusion,0.9261797070503235
00016772_021.png,Effusion,0.8278290629386902
00013300_002.png,Effusion,0.89448481798172
00015956_038.png,Effusion,0.7664138078689575
00014153_000.png,Effusion,0.7027495503425598
00007967_001.png,Effusion,0.13718120753765106
00001737_002.png,Effusion,0.43631187081336975
00004418_010.png,Effusion,0.7081478238105774
00018521_011.png,Effusion,0.943202793598175
00025290_029.png,Effusion,0.9726386666297913
00022245_002.png,Effusion,0.9741462469100952
00016191_015.png,Effusion,0.5986093282699585
00017606_022.png,Effusion,0.9670847058296204
00016422_008.png,Effusion,0.9331982135772705
00000076_000.png,Effusion,0.8844766616821289
00002763_020.png,Effusion,0.9206107258796692
00029088_003.png,Effusion,0.7615421414375305
00003523_024.png,Effusion,0.40908029675483704
00008352_004.png,Effusion,0.5669986605644226
00011136_014.png,Effusion,0.9806155562400818
00022416_008.png,Effusion,0.8368781208992004
00025285_005.png,Effusion,0.5873881578445435
00022416_060.png,Effusion,0.9636217951774597
00021651_010.png,Effusion,0.9079886078834534
00002152_001.png,Effusion,0.6029719114303589
00013993_053.png,Effusion,0.9624627232551575
00011478_005.png,Effusion,0.7568767070770264
00005723_004.png,Effusion,0.02357506938278675
00022416_034.png,Effusion,0.9816848635673523
00019865_012.png,Effusion,0.6543867588043213
00015679_017.png,Effusion,0.9381609559059143
00028611_023.png,Effusion,0.8591935634613037
00000061_007.png,Effusion,0.9076114892959595
00014647_009.png,Pneumonia,0.07428303360939026
00012094_009.png,Pneumonia,0.7124072313308716
00016705_002.png,Pneumonia,0.07141862064599991
00000798_025.png,Pneumonia,0.14836516976356506
00010384_035.png,Pneumonia,0.7483024597167969
00011386_000.png,Pneumonia,0.49398335814476013
00021399_000.png,Pneumonia,0.033778976649045944
00013993_046.png,Pneumonia,0.576439619064331
00018926_001.png,Pneumonia,0.022631779313087463
00028173_010.png,Pneumonia,0.5488132238388062
00016425_000.png,Pneumonia,0.12163059413433075
00008727_009.png,Pneumonia,0.009098752401769161
00025421_001.png,Pneumonia,0.009891071356832981
00007787_001.png,Pneumonia,0.045125655829906464
00015809_015.png,Pneumonia,0.4053399860858917
00022192_038.png,Pneumonia,0.6683349609375
00011702_043.png,Pneumonia,0.5273863673210144
00006997_000.png,Pneumonia,0.5737084150314331
00001749_003.png,Pneumonia,0.037503063678741455
00000261_002.png,Pneumonia,0.6261149048805237
00016972_005.png,Pneumonia,0.682978630065918
00004893_027.png,Pneumonia,0.5388633608818054
00003510_009.png,Pneumonia,0.6572867631912231
00027508_001.png,Pneumonia,0.05663304775953293
00026883_001.png,Pneumonia,0.1496833860874176
00010761_002.png,Pneumonia,0.6745080947875977
00005032_000.png,Pneumonia,0.18345074355602264
00006985_002.png,Pneumonia,0.021697206422686577
00016362_000.png,Pneumonia,0.01464129239320755
00021369_002.png,Pneumonia,0.6351993083953857
00010531_012.png,Pneumonia,0.5151146650314331
00017138_068.png,Pneumonia,0.6296550631523132
00005638_000.png,Pneumonia,0.5518795251846313
00017231_001.png,Pneumonia,0.02833351120352745
00020945_020.png,Pneumonia,0.5116004943847656
00014647_005.png,Pneumonia,0.021028650924563408
00026374_004.png,Pneumonia,0.3559727072715759
00002109_000.png,Pneumonia,0.1609155237674713
00013272_005.png,Pneumonia,0.039756402373313904
00014294_011.png,Pneumonia,0.046328362077474594
00027320_010.png,Pneumonia,0.6625261902809143
00003211_000.png,Pneumonia,0.24796132743358612
00027648_005.png,Pneumonia,0.3943297564983368
00028924_005.png,Pneumonia,0.04105547070503235
00003510_008.png,Pneumonia,0.6113685369491577
00027266_001.png,Pneumonia,0.015898901969194412
00007699_003.png,Pneumonia,0.08738420158624649
00009229_003.png,Pneumonia,0.12493029981851578
00001247_011.png,Pneumonia,0.029381519183516502
00006832_001.png,Pneumonia,0.6999722719192505
00005365_013.png,Pneumothorax,0.14747948944568634
00015492_002.png,Pneumothorax,0.16533716022968292
00004103_000.png,Pneumothorax,0.058942634612321854
00026886_001.png,Pneumothorax,0.519067645072937
00003760_000.png,Pneumothorax,0.06340143084526062
00011460_014.png,Pneumothorax,0.3629952371120453
00013209_000.png,Pneumothorax,0.11126025021076202
00021707_002.png,Pneumothorax,0.05086251720786095
00008566_018.png,Pneumothorax,0.11265034228563309
00003330_002.png,Pneumothorax,0.11764835566282272
00030561_010.png,Pneumothorax,0.5014898180961609
00020427_010.png,Pneumothorax,0.4852047264575958
00025081_015.png,Pneumothorax,0.40967699885368347
00018921_065.png,Pneumothorax,0.5635256171226501
00003005_017.png,Pneumothorax,0.1253492683172226
00018366_049.png,Pneumothorax,0.5313926935195923
00016587_006.png,Pneumothorax,0.5350880026817322
00005224_000.png,Pneumothorax,0.0042237453162670135
00025368_031.png,Pneumothorax,0.24791361391544342
00003856_001.png,Pneumothorax,0.1982448548078537
00019823_001.png,Pneumothorax,0.19191555678844452
00027092_005.png,Pneumothorax,0.5202488899230957
00021006_020.png,Pneumothorax,0.32071322202682495
00012087_026.png,Pneumothorax,0.520194947719574
00003126_013.png,Pneumothorax,0.21088680624961853
00021092_006.png,Pneumothorax,0.1411897987127304
00019594_013.png,Pneumothorax,0.16858890652656555
00008168_010.png,Pneumothorax,0.057174548506736755
00010936_018.png,Pneumothorax,0.2680889368057251
00000404_002.png,Pneumothorax,0.5233304500579834
00024749_000.png,Pneumothorax,0.12791980803012848
00006605_010.png,Pneumothorax,0.4285046458244324
00006506_002.png,Pneumothorax,0.05732760950922966
00025085_008.png,Pneumothorax,0.5354727506637573
00020427_012.png,Pneumothorax,0.48143839836120605
00028421_004.png,Pneumothorax,0.1261916160583496
00005365_008.png,Pneumothorax,0.17188933491706848
00010690_001.png,Pneumothorax,0.1861080527305603
00026810_015.png,Pneumothorax,0.36965247988700867
00029075_004.png,Pneumothorax,0.5268723964691162
00020286_004.png,Pneumothorax,0.5325208902359009
00007676_016.png,Pneumothorax,0.06896641105413437
00027592_001.png,Pneumothorax,0.5814883708953857
00002174_000.png,Pneumothorax,0.03785943612456322
00018472_004.png,Pneumothorax,0.5069683790206909
00019823_004.png,Pneumothorax,0.301051527261734
00021759_015.png,Pneumothorax,0.32141822576522827
00030279_004.png,Pneumothorax,0.40992072224617004
00019823_002.png,Pneumothorax,0.16424520313739777
00001583_012.png,Pneumothorax,0.5487439036369324
00009710_004.png,Atelectasis,0.6844613552093506
00021701_001.png,Atelectasis,0.8621581196784973
00017017_002.png,Atelectasis,0.6974892616271973
00029433_006.png,Atelectasis,0.7284108996391296
00028479_002.png,Atelectasis,0.16817955672740936
00002260_000.png,Atelectasis,0.48774808645248413
00030695_003.png,Atelectasis,0.8234077095985413
00016558_000.png,Atelectasis,0.06992267817258835
00030637_019.png,Atelectasis,0.8385308980941772
00015018_012.png,Atelectasis,0.26096370816230774
00007528_001.png,Atelectasis,0.029237810522317886
00023079_000.png,Atelectasis,0.07147518545389175
00005452_000.png,Atelectasis,0.49270981550216675
00015843_013.png,Atelectasis,0.8630772233009338
00015267_000.png,Atelectasis,0.34527069330215454
00001270_005.png,Atelectasis,0.558479905128479
00022283_038.png,Atelectasis,0.8528319597244263
00015229_000.png,Atelectasis,0.17827625572681427
00020200_001.png,Atelectasis,0.9573656916618347
00001088_011.png,Atelectasis,0.5136427879333496
00001601_007.png,Atelectasis,0.9598745703697205
00014058_007.png,Atelectasis,0.21393364667892456
00007886_018.png,Atelectasis,0.8850078582763672
00017236_059.png,Atelectasis,0.8613479733467102
00011793_003.png,Atelectasis,0.9473462700843811
00026486_003.png,Atelectasis,0.8383209109306335
00020636_000.png,Atelectasis,0.395995169878006
00015318_006.png,Atelectasis,0.9365549683570862
00007576_038.png,Atelectasis,0.8991519212722778
00016333_002.png,Atelectasis,0.5285706520080566
00001698_009.png,Atelectasis,0.9135572910308838
00003923_000.png,Atelectasis,0.5821315050125122
00011067_002.png,Atelectasis,0.13322177529335022
00029768_001.png,Atelectasis,0.7486122846603394
00026897_002.png,Atelectasis,0.7913682460784912
00020286_032.png,Atelectasis,0.7334628105163574
00008238_000.png,Atelectasis,0.8715605735778809
00021689_001.png,Atelectasis,0.23874962329864502
00003459_026.png,Atelectasis,0.8765869140625
00020772_006.png,Atelectasis,0.7549983859062195
00020213_116.png,Atelectasis,0.7681340575218201
00001796_009.png,Atelectasis,0.6791462302207947
00006642_042.png,Atelectasis,0.48590365052223206
00026641_010.png,Atelectasis,0.42597973346710205
00026960_003.png,Atelectasis,0.348518967628479
00001989_000.png,Atelectasis,0.6379064321517944
00026197_002.png,Atelectasis,0.03926519677042961
00009729_000.png,Atelectasis,0.5240685939788818
00012753_000.png,Atelectasis,0.49696436524391174
00026451_035.png,Atelectasis,0.7944416999816895
